County,year,cnt_entries,cnt_exits
Alameda,2022,1558.1333830104322,1551.4094634873322
Contra Costa,2022,1261.032041728763,1277.3904619970194
San Francisco,2022,4862.2786885245905,4892.039959016393
San Mateo,2022,1552.1475409836066,1495.3049180327869
Santa Clara,2022,619.7581967213115,639.4631147540983
